,
,
,
,
,
,
,
,
,
,
,
,
,
,
,
,
,
<b><color=#32a48b>PROGRAMMERS</color></b>,
,
Eliz Durmaz
,
Tilsim Elif Usyilmaz
,
Berkay Yemisen
,
Berkay Gunay
,
Ulas Deniz Eraslan
,
Ilke Savasoglu
,
<b><color=#32a48b>GAME DESIGN</color></b>,
,
Yunus Emre Kılıncarslan
,
Atılay Tugkan May
,
<b><color=#32a48b>RULES</color></b>,
,
Furkan Sıncar
,
<b><color=#32a48b>MAP DESIGN</color></b>,
,
Tunahan Gokce
,
,
,
,
,
,
,
,
,
,
,
,
,
,
,
,
,
<b><color=#32a48b>PROGRAMMERS</color></b>,
,
Eliz Durmaz
,
Tilsim Elif Usyilmaz
,
Berkay Yemisen
,
Berkay Gunay
,
Ulas Deniz Eraslan
,
Ilke Savasoglu
,
<b><color=#32a48b>GAME DESIGN</color></b>,
,
Yunus Emre Kılıncarslan
,
Atılay Tugkan May
,
<b><color=#32a48b>RULES</color></b>,
,
Furkan Sıncar
,
<b><color=#32a48b>MAP DESIGN</color></b>,
,
Tunahan Gokce
,
,
,
,
,
,
,
,
,
,
,
,
,
,
,
,
,
<b><color=#32a48b>PROGRAMMERS</color></b>,
,
Eliz Durmaz
,
Tilsim Elif Usyilmaz
,
Berkay Yemisen
,
Berkay Gunay
,
Ulas Deniz Eraslan
,
Ilke Savasoglu
,
<b><color=#32a48b>GAME DESIGN</color></b>,
,
Yunus Emre Kılıncarslan
,
Atılay Tugkan May
,
<b><color=#32a48b>RULES</color></b>,
,
Furkan Sıncar
,
<b><color=#32a48b>MAP DESIGN</color></b>,
,
Tunahan Gokce
,
,
,
,
,
,
,
,
,
,
,
,
,
,
,
,
,
<b><color=#32a48b>PROGRAMMERS</color></b>,
,
Eliz Durmaz
,
Tilsim Elif Usyilmaz
,
Berkay Yemisen
,
Berkay Gunay
,
Ulas Deniz Eraslan
,
Ilke Savasoglu
,
<b><color=#32a48b>GAME DESIGN</color></b>,
,
Yunus Emre Kılıncarslan
,
Atılay Tugkan May
,
<b><color=#32a48b>RULES</color></b>,
,
Furkan Sıncar
,
<b><color=#32a48b>MAP DESIGN</color></b>,
,
Tunahan Gokce
,
,
,
,
,
,
,
,
,
,
,
,
,
,
,
,
,
<b><color=#32a48b>PROGRAMMERS</color></b>,
,
Eliz Durmaz
,
Tilsim Elif Usyilmaz
,
Berkay Yemisen
,
Berkay Gunay
,
Ulas Deniz Eraslan
,
Ilke Savasoglu
,
<b><color=#32a48b>GAME DESIGN</color></b>,
,
Yunus Emre Kılıncarslan
,
Atılay Tugkan May
,
<b><color=#32a48b>RULES</color></b>,
,
Furkan Sıncar
,
<b><color=#32a48b>MAP DESIGN</color></b>,
,
Tunahan Gokce
,
,
,
,
,
,
,
,
,
,
,
,
,
,
,
,
,
<b><color=#32a48b>PROGRAMMERS</color></b>,
,
Eliz Durmaz
,
Tilsim Elif Usyilmaz
,
Berkay Yemisen
,
Berkay Gunay
,
Ulas Deniz Eraslan
,
Ilke Savasoglu
,
<b><color=#32a48b>GAME DESIGN</color></b>,
,
Yunus Emre Kılıncarslan
,
Atılay Tugkan May
,
<b><color=#32a48b>RULES</color></b>,
,
Furkan Sıncar
,
<b><color=#32a48b>MAP DESIGN</color></b>,
,
Tunahan Gokce
,
,
,
,
,
,
,
,
,
,
,
,
,
,
,
,
,
<b><color=#32a48b>PROGRAMMERS</color></b>,
,
Eliz Durmaz
,
Tilsim Elif Usyilmaz
,
Berkay Yemisen
,
Berkay Gunay
,
Ulas Deniz Eraslan
,
Ilke Savasoglu
,
<b><color=#32a48b>GAME DESIGN</color></b>,
,
Yunus Emre Kılıncarslan
,
Atılay Tugkan May
,
<b><color=#32a48b>RULES</color></b>,
,
Furkan Sıncar
,
<b><color=#32a48b>MAP DESIGN</color></b>,
,
Tunahan Gokce
,
,
,
,
,
,
,
,
,
,
,
,
,
,
,
,
,
<b><color=#32a48b>PROGRAMMERS</color></b>,
,
Eliz Durmaz
,
Tilsim Elif Usyilmaz
,
Berkay Yemisen
,
Berkay Gunay
,
Ulas Deniz Eraslan
,
Ilke Savasoglu
,
<b><color=#32a48b>GAME DESIGN</color></b>,
,
Yunus Emre Kılıncarslan
,
Atılay Tugkan May
,
<b><color=#32a48b>RULES</color></b>,
,
Furkan Sıncar
,
<b><color=#32a48b>MAP DESIGN</color></b>,
,
Tunahan Gokce
,
,
,
,
,
,
,
,
,
,
,
,
,
,
,
,
,
<b><color=#32a48b>PROGRAMMERS</color></b>,
,
Eliz Durmaz
,
Tilsim Elif Usyilmaz
,
Berkay Yemisen
,
Berkay Gunay
,
Ulas Deniz Eraslan
,
Ilke Savasoglu
,
<b><color=#32a48b>GAME DESIGN</color></b>,
,
Yunus Emre Kılıncarslan
,
Atılay Tugkan May
,
<b><color=#32a48b>RULES</color></b>,
,
Furkan Sıncar
,
<b><color=#32a48b>MAP DESIGN</color></b>,
,
Tunahan Gokce
,
,
,
,
,
,
,
,
,
,
,
,
,
,
,
,
,
<b><color=#32a48b>PROGRAMMERS</color></b>,
,
Eliz Durmaz
,
Tilsim Elif Usyilmaz
,
Berkay Yemisen
,
Berkay Gunay
,
Ulas Deniz Eraslan
,
Ilke Savasoglu
,
<b><color=#32a48b>GAME DESIGN</color></b>,
,
Yunus Emre Kılıncarslan
,
Atılay Tugkan May
,
<b><color=#32a48b>RULES</color></b>,
,
Furkan Sıncar
,
<b><color=#32a48b>MAP DESIGN</color></b>,
,
Tunahan Gokce
,
,
,
,
,
,
,
,
,
,
,
,
,
,
,
,
,
<b><color=#32a48b>PROGRAMMERS</color></b>,
,
Eliz Durmaz
,
Tilsim Elif Usyilmaz
,
Berkay Yemisen
,
Berkay Gunay
,
Ulas Deniz Eraslan
,
Ilke Savasoglu
,
<b><color=#32a48b>GAME DESIGN</color></b>,
,
Yunus Emre Kılıncarslan
,
Atılay Tugkan May
,
<b><color=#32a48b>RULES</color></b>,
,
Furkan Sıncar
,
<b><color=#32a48b>MAP DESIGN</color></b>,
,
Tunahan Gokce
,
,
,
,
,
,
,
,
,
,
,
,
,
,
,
,
,
<b><color=#32a48b>PROGRAMMERS</color></b>,
,
Eliz Durmaz
,
Tilsim Elif Usyilmaz
,
Berkay Yemisen
,
Berkay Gunay
,
Ulas Deniz Eraslan
,
Ilke Savasoglu
,
<b><color=#32a48b>GAME DESIGN</color></b>,
,
Yunus Emre Kılıncarslan
,
Atılay Tugkan May
,
<b><color=#32a48b>RULES</color></b>,
,
Furkan Sıncar
,
<b><color=#32a48b>MAP DESIGN</color></b>,
,
Tunahan Gokce
,
,
,
,
,
,
,
,
,
,
,
,
,
,
,
,
,
<b><color=#32a48b>PROGRAMMERS</color></b>,
,
Eliz Durmaz
,
Tilsim Elif Usyilmaz
,
Berkay Yemisen
,
Berkay Gunay
,
Ulas Deniz Eraslan
,
Ilke Savasoglu
,
<b><color=#32a48b>GAME DESIGN</color></b>,
,
Yunus Emre Kılıncarslan
,
Atılay Tugkan May
,
<b><color=#32a48b>RULES</color></b>,
,
Furkan Sıncar
,
<b><color=#32a48b>MAP DESIGN</color></b>,
,
Tunahan Gokce
,
,
,
,
,
,
,
,
,
,
,
,
,
,
,
,
,
<b><color=#32a48b>PROGRAMMERS</color></b>,
,
Eliz Durmaz
,
Tilsim Elif Usyilmaz
,
Berkay Yemisen
,
Berkay Gunay
,
Ulas Deniz Eraslan
,
Ilke Savasoglu
,
<b><color=#32a48b>GAME DESIGN</color></b>,
,
Yunus Emre Kılıncarslan
,
Atılay Tugkan May
,
<b><color=#32a48b>RULES</color></b>,
,
Furkan Sıncar
,
<b><color=#32a48b>MAP DESIGN</color></b>,
,
Tunahan Gokce
,
,
,
,
,
,
,
,
,
,
,
,
,
,
,
,
,
<b><color=#32a48b>PROGRAMMERS</color></b>,
,
Eliz Durmaz
,
Tilsim Elif Usyilmaz
,
Berkay Yemisen
,
Berkay Gunay
,
Ulas Deniz Eraslan
,
Ilke Savasoglu
,
<b><color=#32a48b>GAME DESIGN</color></b>,
,
Yunus Emre Kılıncarslan
,
Atılay Tugkan May
,
<b><color=#32a48b>RULES</color></b>,
,
Furkan Sıncar
,
<b><color=#32a48b>MAP DESIGN</color></b>,
,
Tunahan Gokce
,
,
,
,
,
,
,
,
,
,
,
,
,
,
,
,
,
<b><color=#32a48b>PROGRAMMERS</color></b>,
,
Eliz Durmaz
,
Tilsim Elif Usyilmaz
,
Berkay Yemisen
,
Berkay Gunay
,
Ulas Deniz Eraslan
,
Ilke Savasoglu
,
<b><color=#32a48b>GAME DESIGN</color></b>,
,
Yunus Emre Kılıncarslan
,
Atılay Tugkan May
,
<b><color=#32a48b>RULES</color></b>,
,
Furkan Sıncar
,
<b><color=#32a48b>MAP DESIGN</color></b>,
,
Tunahan Gokce
,
,
,
,
,
,
,
,
,
,
,
,
,
,
,
,
,
<b><color=#32a48b>PROGRAMMERS</color></b>,
,
Eliz Durmaz
,
Tilsim Elif Usyilmaz
,
Berkay Yemisen
,
Berkay Gunay
,
Ulas Deniz Eraslan
,
Ilke Savasoglu
,
<b><color=#32a48b>GAME DESIGN</color></b>,
,
Yunus Emre Kılıncarslan
,
Atılay Tugkan May
,
<b><color=#32a48b>RULES</color></b>,
,
Furkan Sıncar
,
<b><color=#32a48b>MAP DESIGN</color></b>,
,
Tunahan Gokce
,
,
,
,
,
,
,
,
,
,
,
,
,
,
,
,
,
<b><color=#32a48b>PROGRAMMERS</color></b>,
,
Eliz Durmaz
,
Tilsim Elif Usyilmaz
,
Berkay Yemisen
,
Berkay Gunay
,
Ulas Deniz Eraslan
,
Ilke Savasoglu
,
<b><color=#32a48b>GAME DESIGN</color></b>,
,
Yunus Emre Kılıncarslan
,
Atılay Tugkan May
,
<b><color=#32a48b>RULES</color></b>,
,
Furkan Sıncar
,
<b><color=#32a48b>MAP DESIGN</color></b>,
,
Tunahan Gokce
,
,
,
,
,
,
,
,
,
,
,
,
,
,
,
,
,
<b><color=#32a48b>PROGRAMMERS</color></b>,
,
Eliz Durmaz
,
Tilsim Elif Usyilmaz
,
Berkay Yemisen
,
Berkay Gunay
,
Ulas Deniz Eraslan
,
Ilke Savasoglu
,
<b><color=#32a48b>GAME DESIGN</color></b>,
,
Yunus Emre Kılıncarslan
,
Atılay Tugkan May
,
<b><color=#32a48b>RULES</color></b>,
,
Furkan Sıncar
,
<b><color=#32a48b>MAP DESIGN</color></b>,
,
Tunahan Gokce
,
,
,
,
,
,
,
,
,
,
,
,
,
,
,
,
,
<b><color=#32a48b>PROGRAMMERS</color></b>,
,
Eliz Durmaz
,
Tilsim Elif Usyilmaz
,
Berkay Yemisen
,
Berkay Gunay
,
Ulas Deniz Eraslan
,
Ilke Savasoglu
,
<b><color=#32a48b>GAME DESIGN</color></b>,
,
Yunus Emre Kılıncarslan
,
Atılay Tugkan May
,
<b><color=#32a48b>RULES</color></b>,
,
Furkan Sıncar
,
<b><color=#32a48b>MAP DESIGN</color></b>,
,
Tunahan Gokce
,
,
,
,
,
,
,
,
,
,
,
,
,
,
,
,
,
<b><color=#32a48b>PROGRAMMERS</color></b>,
,
Eliz Durmaz
,
Tilsim Elif Usyilmaz
,
Berkay Yemisen
,
Berkay Gunay
,
Ulas Deniz Eraslan
,
Ilke Savasoglu
,
<b><color=#32a48b>GAME DESIGN</color></b>,
,
Yunus Emre Kılıncarslan
,
Atılay Tugkan May
,
<b><color=#32a48b>RULES</color></b>,
,
Furkan Sıncar
,
<b><color=#32a48b>MAP DESIGN</color></b>,
,
Tunahan Gokce
,
,
,
,
,
,
,
,
,
,
,
,
,
,
,
,
,
<b><color=#32a48b>PROGRAMMERS</color></b>,
,
Eliz Durmaz
,
Tilsim Elif Usyilmaz
,
Berkay Yemisen
,
Berkay Gunay
,
Ulas Deniz Eraslan
,
Ilke Savasoglu
,
<b><color=#32a48b>GAME DESIGN</color></b>,
,
Yunus Emre Kılıncarslan
,
Atılay Tugkan May
,
<b><color=#32a48b>RULES</color></b>,
,
Furkan Sıncar
,
<b><color=#32a48b>MAP DESIGN</color></b>,
,
Tunahan Gokce
,
,
,
,
,
,
,
,
,
,
,
,
,
,
,
,
,
,
,
,
,
,
,
